{"created_at":"Wed Feb 27 20:20:30 +0000 2019","id":1100853200708603915,"id_str":"1100853200708603915","text":"RT @NSTeachersUnion: Nova Scotia Language Teachers' Professional Development Day\n\n\"Neurolinguistic Approaches to Language Teaching.\"\n \nMarc\u2026","source":"\u003ca href=\"http:\/\/twitter.com\" rel=\"nofollow\"\u003eTwitter Web Client\u003c\/a\u003e","truncated":false,"in_reply_to_status_id":null,"in_reply_to_status_id_str":null,"in_reply_to_user_id":null,"in_reply_to_user_id_str":null,"in_reply_to_screen_name":null,"user":{"id":844242647984324608,"id_str":"844242647984324608","name":"HRCE_French Programs","screen_name":"HRCE_FSL","location":"Halifax, Nova Scotia","url":"http:\/\/www.hrsb.ca","description":"Providing a high quality education en fran\u00e7ais every day.","translator_type":"none","protected":false,"verified":false,"followers_count":278,"friends_count":263,"listed_count":0,"favourites_count":1273,"statuses_count":704,"created_at":"Tue Mar 21 17:41:47 +0000 2017","utc_offset":null,"time_zone":null,"geo_enabled":false,"lang":"en","contributors_enabled":false,"is_translator":false,"profile_background_color":"F5F8FA","profile_background_image_url":"","profile_background_image_url_https":"","profile_background_tile":false,"profile_link_color":"1DA1F2","profile_sidebar_border_color":"C0DEED","profile_sidebar_fill_color":"DDEEF6","profile_text_color":"333333","profile_use_background_image":true,"profile_image_url":"http:\/\/pbs.twimg.com\/profile_images\/994587482611179520\/P1EVvbHl_normal.jpg","profile_image_url_https":"https:\/\/pbs.twimg.com\/profile_images\/994587482611179520\/P1EVvbHl_normal.jpg","profile_banner_url":"https:\/\/pbs.twimg.com\/profile_banners\/844242647984324608\/1525454157","default_profile":true,"default_profile_image":false,"following":null,"follow_request_sent":null,"notifications":null},"geo":null,"coordinates":null,"place":null,"contributors":null,"retweeted_status":{"created_at":"Wed Feb 27 20:07:02 +0000 2019","id":1100849812784721920,"id_str":"1100849812784721920","text":"Nova Scotia Language Teachers' Professional Development Day\n\n\"Neurolinguistic Approaches to Language Teaching.\"\n \nM\u2026 https:\/\/t.co\/Z6i6taInKO","source":"\u003ca href=\"http:\/\/twitter.com\" rel=\"nofollow\"\u003eTwitter Web Client\u003c\/a\u003e","truncated":true,"in_reply_to_status_id":null,"in_reply_to_status_id_str":null,"in_reply_to_user_id":null,"in_reply_to_user_id_str":null,"in_reply_to_screen_name":null,"user":{"id":258895231,"id_str":"258895231","name":"NS Teachers Union","screen_name":"NSTeachersUnion","location":"Halifax, Nova Scotia","url":"http:\/\/www.nstu.ca","description":"The Nova Scotia Teachers Union promotes and advances the teaching profession and quality public education.","translator_type":"none","protected":false,"verified":false,"followers_count":9057,"friends_count":532,"listed_count":82,"favourites_count":1087,"statuses_count":8203,"created_at":"Mon Feb 28 18:53:35 +0000 2011","utc_offset":null,"time_zone":null,"geo_enabled":true,"lang":"en","contributors_enabled":false,"is_translator":false,"profile_background_color":"BDD4DE","profile_background_image_url":"http:\/\/abs.twimg.com\/images\/themes\/theme1\/bg.png","profile_background_image_url_https":"https:\/\/abs.twimg.com\/images\/themes\/theme1\/bg.png","profile_background_tile":true,"profile_link_color":"E81C4F","profile_sidebar_border_color":"0B0E0F","profile_sidebar_fill_color":"9BB1CC","profile_text_color":"121C66","profile_use_background_image":true,"profile_image_url":"http:\/\/pbs.twimg.com\/profile_images\/950009032881967105\/txBc9FpL_normal.jpg","profile_image_url_https":"https:\/\/pbs.twimg.com\/profile_images\/950009032881967105\/txBc9FpL_normal.jpg","profile_banner_url":"https:\/\/pbs.twimg.com\/profile_banners\/258895231\/1515334790","default_profile":false,"default_profile_image":false,"following":null,"follow_request_sent":null,"notifications":null},"geo":null,"coordinates":null,"place":null,"contributors":null,"is_quote_status":false,"extended_tweet":{"full_text":"Nova Scotia Language Teachers' Professional Development Day\n\n\"Neurolinguistic Approaches to Language Teaching.\"\n \nMarch 30, 2019    \n9 AM to 4 PM\n\nMcNally Theatre Auditorium (MM113) at Saint Mary's University, Halifax, Nova Scotia\n\nRegister here: https:\/\/t.co\/9jRQwXIOKs","display_text_range":[0,270],"entities":{"hashtags":[],"urls":[{"url":"https:\/\/t.co\/9jRQwXIOKs","expanded_url":"https:\/\/events.eply.com\/NovaScotiaLanguagesTeachersProfessionalDevelopmentDay2841313","display_url":"events.eply.com\/NovaScotiaLang\u2026","indices":[247,270]}],"user_mentions":[],"symbols":[]}},"quote_count":0,"reply_count":0,"retweet_count":1,"favorite_count":1,"entities":{"hashtags":[],"urls":[{"url":"https:\/\/t.co\/Z6i6taInKO","expanded_url":"https:\/\/twitter.com\/i\/web\/status\/1100849812784721920","display_url":"twitter.com\/i\/web\/status\/1\u2026","indices":[117,140]}],"user_mentions":[],"symbols":[]},"favorited":false,"retweeted":false,"possibly_sensitive":false,"filter_level":"low","lang":"en"},"is_quote_status":false,"quote_count":0,"reply_count":0,"retweet_count":0,"favorite_count":0,"entities":{"hashtags":[],"urls":[],"user_mentions":[{"screen_name":"NSTeachersUnion","name":"NS Teachers Union","id":258895231,"id_str":"258895231","indices":[3,19]}],"symbols":[]},"favorited":false,"retweeted":false,"filter_level":"low","lang":"en","timestamp_ms":"1551298830569"}


{"created_at":"Wed Feb 27 20:20:32 +0000 2019","id":1100853209478901760,"id_str":"1100853209478901760","text":"RT @globalhalifax: The plan to redevelop a large portion of downtown Halifax is about to become reality #Halifax\nhttps:\/\/t.co\/qgaIBsJOkm","source":"\u003ca href=\"http:\/\/twitter.com\/download\/iphone\" rel=\"nofollow\"\u003eTwitter for iPhone\u003c\/a\u003e","truncated":false,"in_reply_to_status_id":null,"in_reply_to_status_id_str":null,"in_reply_to_user_id":null,"in_reply_to_user_id_str":null,"in_reply_to_screen_name":null,"user":{"id":832706277310595072,"id_str":"832706277310595072","name":"Walter N Regan","screen_name":"WalterNRegan1","location":null,"url":null,"description":null,"translator_type":"none","protected":false,"verified":false,"followers_count":91,"friends_count":60,"listed_count":2,"favourites_count":357,"statuses_count":13515,"created_at":"Fri Feb 17 21:40:22 +0000 2017","utc_offset":null,"time_zone":null,"geo_enabled":false,"lang":"en","contributors_enabled":false,"is_translator":false,"profile_background_color":"F5F8FA","profile_background_image_url":"","profile_background_image_url_https":"","profile_background_tile":false,"profile_link_color":"1DA1F2","profile_sidebar_border_color":"C0DEED","profile_sidebar_fill_color":"DDEEF6","profile_text_color":"333333","profile_use_background_image":true,"profile_image_url":"http:\/\/abs.twimg.com\/sticky\/default_profile_images\/default_profile_normal.png","profile_image_url_https":"https:\/\/abs.twimg.com\/sticky\/default_profile_images\/default_profile_normal.png","default_profile":true,"default_profile_image":false,"following":null,"follow_request_sent":null,"notifications":null},"geo":null,"coordinates":null,"place":null,"contributors":null,"retweeted_status":{"created_at":"Wed Feb 27 19:47:54 +0000 2019","id":1100844995895062528,"id_str":"1100844995895062528","text":"The plan to redevelop a large portion of downtown Halifax is about to become reality #Halifax\nhttps:\/\/t.co\/qgaIBsJOkm","source":"\u003ca href=\"http:\/\/www.socialflow.com\" rel=\"nofollow\"\u003eSocialFlow\u003c\/a\u003e","truncated":false,"in_reply_to_status_id":null,"in_reply_to_status_id_str":null,"in_reply_to_user_id":null,"in_reply_to_user_id_str":null,"in_reply_to_screen_name":null,"user":{"id":31147535,"id_str":"31147535","name":"Global Halifax","screen_name":"globalhalifax","location":"Atlantic Canada","url":"http:\/\/globalnews.ca\/halifax","description":"Your source for traffic, weather and breaking news from #Halifax and beyond.\n\nFollow us on Instagram: http:\/\/instagram.com\/globalhalifaxnb","translator_type":"none","protected":false,"verified":true,"followers_count":59320,"friends_count":415,"listed_count":605,"favourites_count":2977,"statuses_count":131869,"created_at":"Tue Apr 14 15:32:32 +0000 2009","utc_offset":null,"time_zone":null,"geo_enabled":true,"lang":"en","contributors_enabled":false,"is_translator":false,"profile_background_color":"FFFFFF","profile_background_image_url":"http:\/\/abs.twimg.com\/images\/themes\/theme17\/bg.gif","profile_background_image_url_https":"https:\/\/abs.twimg.com\/images\/themes\/theme17\/bg.gif","profile_background_tile":false,"profile_link_color":"0084B4","profile_sidebar_border_color":"FFFFFF","profile_sidebar_fill_color":"8AAFB5","profile_text_color":"333333","profile_use_background_image":true,"profile_image_url":"http:\/\/pbs.twimg.com\/profile_images\/722498808110653440\/GMEtGBT7_normal.jpg","profile_image_url_https":"https:\/\/pbs.twimg.com\/profile_images\/722498808110653440\/GMEtGBT7_normal.jpg","profile_banner_url":"https:\/\/pbs.twimg.com\/profile_banners\/31147535\/1460563697","default_profile":false,"default_profile_image":false,"following":null,"follow_request_sent":null,"notifications":null},"geo":null,"coordinates":null,"place":null,"contributors":null,"is_quote_status":false,"quote_count":0,"reply_count":0,"retweet_count":1,"favorite_count":1,"entities":{"hashtags":[{"text":"Halifax","indices":[85,93]}],"urls":[{"url":"https:\/\/t.co\/qgaIBsJOkm","expanded_url":"https:\/\/trib.al\/Y2IfX86","display_url":"trib.al\/Y2IfX86","indices":[94,117]}],"user_mentions":[],"symbols":[]},"favorited":false,"retweeted":false,"possibly_sensitive":false,"filter_level":"low","lang":"en"},"is_quote_status":false,"quote_count":0,"reply_count":0,"retweet_count":0,"favorite_count":0,"entities":{"hashtags":[{"text":"Halifax","indices":[104,112]}],"urls":[{"url":"https:\/\/t.co\/qgaIBsJOkm","expanded_url":"https:\/\/trib.al\/Y2IfX86","display_url":"trib.al\/Y2IfX86","indices":[113,136]}],"user_mentions":[{"screen_name":"globalhalifax","name":"Global Halifax","id":31147535,"id_str":"31147535","indices":[3,17]}],"symbols":[]},"favorited":false,"retweeted":false,"possibly_sensitive":false,"filter_level":"low","lang":"en","timestamp_ms":"1551298832660"}


{"created_at":"Wed Feb 27 20:21:44 +0000 2019","id":1100853512613720065,"id_str":"1100853512613720065","text":"RT @Arsenalpulp: .@ArielleTwist launches her debut poetry book DISINTEGRATE\/DISSOCIATE in #Halifax at Khyber Centre for the Arts @KhyberArt\u2026","source":"\u003ca href=\"http:\/\/twitter.com\/download\/android\" rel=\"nofollow\"\u003eTwitter for Android\u003c\/a\u003e","truncated":false,"in_reply_to_status_id":null,"in_reply_to_status_id_str":null,"in_reply_to_user_id":null,"in_reply_to_user_id_str":null,"in_reply_to_screen_name":null,"user":{"id":532366040,"id_str":"532366040","name":"Casey Stepaniuk","screen_name":"canlesbrarian","location":"MusqueamSquamishTsleilWaututh","url":"http:\/\/caseythecanadianlesbrarian.com\/","description":"Bisexual. Librarian. Writer. Contributor at @BookRiot & @Autostraddle. Opinions Mine. She\/Her. Support Casey the Canadian Lesbrarian https:\/\/t.co\/25Cn7dwRVm\u2026","translator_type":"none","protected":false,"verified":false,"followers_count":2045,"friends_count":1993,"listed_count":75,"favourites_count":11600,"statuses_count":12203,"created_at":"Wed Mar 21 16:40:33 +0000 2012","utc_offset":null,"time_zone":null,"geo_enabled":false,"lang":"en","contributors_enabled":false,"is_translator":false,"profile_background_color":"C0DEED","profile_background_image_url":"http:\/\/abs.twimg.com\/images\/themes\/theme1\/bg.png","profile_background_image_url_https":"https:\/\/abs.twimg.com\/images\/themes\/theme1\/bg.png","profile_background_tile":false,"profile_link_color":"0084B4","profile_sidebar_border_color":"FFFFFF","profile_sidebar_fill_color":"DDEEF6","profile_text_color":"333333","profile_use_background_image":true,"profile_image_url":"http:\/\/pbs.twimg.com\/profile_images\/720329510114078724\/gTbOluEC_normal.jpg","profile_image_url_https":"https:\/\/pbs.twimg.com\/profile_images\/720329510114078724\/gTbOluEC_normal.jpg","profile_banner_url":"https:\/\/pbs.twimg.com\/profile_banners\/532366040\/1460574927","default_profile":false,"default_profile_image":false,"following":null,"follow_request_sent":null,"notifications":null},"geo":null,"coordinates":null,"place":null,"contributors":null,"retweeted_status":{"created_at":"Wed Feb 27 18:11:34 +0000 2019","id":1100820755317772289,"id_str":"1100820755317772289","text":".@ArielleTwist launches her debut poetry book DISINTEGRATE\/DISSOCIATE in #Halifax at Khyber Centre for the Arts\u2026 https:\/\/t.co\/bNSdw7QQZc","display_text_range":[0,140],"source":"\u003ca href=\"https:\/\/www.hootsuite.com\" rel=\"nofollow\"\u003eHootsuite Inc.\u003c\/a\u003e","truncated":true,"in_reply_to_status_id":null,"in_reply_to_status_id_str":null,"in_reply_to_user_id":null,"in_reply_to_user_id_str":null,"in_reply_to_screen_name":null,"user":{"id":15173192,"id_str":"15173192","name":"Arsenal Pulp Press","screen_name":"Arsenalpulp","location":"Vancouver","url":"http:\/\/www.arsenalpulp.com","description":"Tweets from Arsenal Pulp Press. Free your mind, read a book!","translator_type":"none","protected":false,"verified":false,"followers_count":10922,"friends_count":2714,"listed_count":520,"favourites_count":2776,"statuses_count":10632,"created_at":"Thu Jun 19 20:43:12 +0000 2008","utc_offset":null,"time_zone":null,"geo_enabled":false,"lang":"en","contributors_enabled":false,"is_translator":false,"profile_background_color":"9AE4E8","profile_background_image_url":"http:\/\/abs.twimg.com\/images\/themes\/theme16\/bg.gif","profile_background_image_url_https":"https:\/\/abs.twimg.com\/images\/themes\/theme16\/bg.gif","profile_background_tile":false,"profile_link_color":"0084B4","profile_sidebar_border_color":"BDDCAD","profile_sidebar_fill_color":"DDFFCC","profile_text_color":"333333","profile_use_background_image":true,"profile_image_url":"http:\/\/pbs.twimg.com\/profile_images\/825604784\/logonotext_normal.JPG","profile_image_url_https":"https:\/\/pbs.twimg.com\/profile_images\/825604784\/logonotext_normal.JPG","profile_banner_url":"https:\/\/pbs.twimg.com\/profile_banners\/15173192\/1547057781","default_profile":false,"default_profile_image":false,"following":null,"follow_request_sent":null,"notifications":null},"geo":null,"coordinates":null,"place":null,"contributors":null,"is_quote_status":false,"extended_tweet":{"full_text":".@ArielleTwist launches her debut poetry book DISINTEGRATE\/DISSOCIATE in #Halifax at Khyber Centre for the Arts @KhyberArtCentre on Mar 2, 7:30pm! @venusenvyhfx https:\/\/t.co\/BsYQd2mwvS","display_text_range":[0,160],"entities":{"hashtags":[{"text":"Halifax","indices":[73,81]}],"urls":[],"user_mentions":[{"screen_name":"ArielleTwist","name":"Arielle Twist","id":824291721374732289,"id_str":"824291721374732289","indices":[1,14]},{"screen_name":"KhyberArtCentre","name":"The Khyber","id":577247747,"id_str":"577247747","indices":[112,128]},{"screen_name":"venusenvyhfx","name":"Venus Envy","id":180472558,"id_str":"180472558","indices":[147,160]}],"symbols":[],"media":[{"id":1100820752599838720,"id_str":"1100820752599838720","indices":[161,184],"media_url":"http:\/\/pbs.twimg.com\/media\/D0bmpGAXcAAl8wo.jpg","media_url_https":"https:\/\/pbs.twimg.com\/media\/D0bmpGAXcAAl8wo.jpg","url":"https:\/\/t.co\/BsYQd2mwvS","display_url":"pic.twitter.com\/BsYQd2mwvS","expanded_url":"https:\/\/twitter.com\/Arsenalpulp\/status\/1100820755317772289\/photo\/1","type":"photo","sizes":{"thumb":{"w":150,"h":150,"resize":"crop"},"small":{"w":464,"h":680,"resize":"fit"},"medium":{"w":819,"h":1200,"resize":"fit"},"large":{"w":1397,"h":2048,"resize":"fit"}}}]},"extended_entities":{"media":[{"id":1100820752599838720,"id_str":"1100820752599838720","indices":[161,184],"media_url":"http:\/\/pbs.twimg.com\/media\/D0bmpGAXcAAl8wo.jpg","media_url_https":"https:\/\/pbs.twimg.com\/media\/D0bmpGAXcAAl8wo.jpg","url":"https:\/\/t.co\/BsYQd2mwvS","display_url":"pic.twitter.com\/BsYQd2mwvS","expanded_url":"https:\/\/twitter.com\/Arsenalpulp\/status\/1100820755317772289\/photo\/1","type":"photo","sizes":{"thumb":{"w":150,"h":150,"resize":"crop"},"small":{"w":464,"h":680,"resize":"fit"},"medium":{"w":819,"h":1200,"resize":"fit"},"large":{"w":1397,"h":2048,"resize":"fit"}}}]}},"quote_count":0,"reply_count":0,"retweet_count":5,"favorite_count":13,"entities":{"hashtags":[{"text":"Halifax","indices":[73,81]}],"urls":[{"url":"https:\/\/t.co\/bNSdw7QQZc","expanded_url":"https:\/\/twitter.com\/i\/web\/status\/1100820755317772289","display_url":"twitter.com\/i\/web\/status\/1\u2026","indices":[113,136]}],"user_mentions":[{"screen_name":"ArielleTwist","name":"Arielle Twist","id":824291721374732289,"id_str":"824291721374732289","indices":[1,14]}],"symbols":[]},"favorited":false,"retweeted":false,"possibly_sensitive":false,"filter_level":"low","lang":"en"},"is_quote_status":false,"quote_count":0,"reply_count":0,"retweet_count":0,"favorite_count":0,"entities":{"hashtags":[{"text":"Halifax","indices":[90,98]}],"urls":[],"user_mentions":[{"screen_name":"Arsenalpulp","name":"Arsenal Pulp Press","id":15173192,"id_str":"15173192","indices":[3,15]},{"screen_name":"ArielleTwist","name":"Arielle Twist","id":824291721374732289,"id_str":"824291721374732289","indices":[18,31]}],"symbols":[]},"favorited":false,"retweeted":false,"filter_level":"low","lang":"en","timestamp_ms":"1551298904933"}


{"created_at":"Wed Feb 27 20:21:45 +0000 2019","id":1100853513696038918,"id_str":"1100853513696038918","text":"RT @prepit: It's a #cravingcolourmonday #yellow sure packs a punch when you need a pick me up #yourhalifaxhomestager #realestate #staging #\u2026","source":"\u003ca href=\"http:\/\/twitter.com\" rel=\"nofollow\"\u003eTwitter Web Client\u003c\/a\u003e","truncated":false,"in_reply_to_status_id":null,"in_reply_to_status_id_str":null,"in_reply_to_user_id":null,"in_reply_to_user_id_str":null,"in_reply_to_screen_name":null,"user":{"id":86585733,"id_str":"86585733","name":"Larry Matthews","screen_name":"realestateHants","location":"Elmsdale Nova Scotia Canada","url":"http:\/\/www.hantsrealty.com","description":"President\/Broker Hants Realty Limited,Hants Financial Services,Larry Matthews Appraisals and Kimnat Internet and Print #novascotia #novascotiarealestate","translator_type":"regular","protected":false,"verified":false,"followers_count":9156,"friends_count":9754,"listed_count":354,"favourites_count":26261,"statuses_count":156835,"created_at":"Sat Oct 31 19:16:19 +0000 2009","utc_offset":null,"time_zone":null,"geo_enabled":true,"lang":"en","contributors_enabled":false,"is_translator":false,"profile_background_color":"C0DEED","profile_background_image_url":"http:\/\/abs.twimg.com\/images\/themes\/theme1\/bg.png","profile_background_image_url_https":"https:\/\/abs.twimg.com\/images\/themes\/theme1\/bg.png","profile_background_tile":false,"profile_link_color":"F20808","profile_sidebar_border_color":"C0DEED","profile_sidebar_fill_color":"DDEEF6","profile_text_color":"333333","profile_use_background_image":true,"profile_image_url":"http:\/\/pbs.twimg.com\/profile_images\/1095000365701914624\/aTeh-zbD_normal.jpg","profile_image_url_https":"https:\/\/pbs.twimg.com\/profile_images\/1095000365701914624\/aTeh-zbD_normal.jpg","profile_banner_url":"https:\/\/pbs.twimg.com\/profile_banners\/86585733\/1537837153","default_profile":false,"default_profile_image":false,"following":null,"follow_request_sent":null,"notifications":null},"geo":null,"coordinates":null,"place":null,"contributors":null,"retweeted_status":{"created_at":"Mon Feb 25 15:09:58 +0000 2019","id":1100050274603986952,"id_str":"1100050274603986952","text":"It's a #cravingcolourmonday #yellow sure packs a punch when you need a pick me up #yourhalifaxhomestager\u2026 https:\/\/t.co\/S0IeseFdJ4","display_text_range":[0,140],"source":"\u003ca href=\"http:\/\/twitter.com\/download\/android\" rel=\"nofollow\"\u003eTwitter for Android\u003c\/a\u003e","truncated":true,"in_reply_to_status_id":null,"in_reply_to_status_id_str":null,"in_reply_to_user_id":null,"in_reply_to_user_id_str":null,"in_reply_to_screen_name":null,"user":{"id":221405497,"id_str":"221405497","name":"Prep Home Staging Halifax","screen_name":"prepit","location":"Halifax n.s. Canada","url":"http:\/\/www.prepstaging.com","description":"Avril Brown owner #PrepHomeStaging #Halifax #realestate occupied & #vacantstaging #consultations #homeinteriors #homedecor #design #colour","translator_type":"none","protected":false,"verified":false,"followers_count":3018,"friends_count":451,"listed_count":123,"favourites_count":6919,"statuses_count":18371,"created_at":"Tue Nov 30 15:46:08 +0000 2010","utc_offset":null,"time_zone":null,"geo_enabled":true,"lang":"en","contributors_enabled":false,"is_translator":false,"profile_background_color":"F5ABB5","profile_background_image_url":"http:\/\/abs.twimg.com\/images\/themes\/theme2\/bg.gif","profile_background_image_url_https":"https:\/\/abs.twimg.com\/images\/themes\/theme2\/bg.gif","profile_background_tile":true,"profile_link_color":"1F98C7","profile_sidebar_border_color":"372B38","profile_sidebar_fill_color":"79447C","profile_text_color":"497DAF","profile_use_background_image":false,"profile_image_url":"http:\/\/pbs.twimg.com\/profile_images\/1052708959432437761\/Ezp5Fg5f_normal.jpg","profile_image_url_https":"https:\/\/pbs.twimg.com\/profile_images\/1052708959432437761\/Ezp5Fg5f_normal.jpg","profile_banner_url":"https:\/\/pbs.twimg.com\/profile_banners\/221405497\/1550600719","default_profile":false,"default_profile_image":false,"following":null,"follow_request_sent":null,"notifications":null},"geo":null,"coordinates":null,"place":null,"contributors":null,"is_quote_status":false,"extended_tweet":{"full_text":"It's a #cravingcolourmonday #yellow sure packs a punch when you need a pick me up #yourhalifaxhomestager #realestate #staging #Halifax https:\/\/t.co\/hr59FWJiRW","display_text_range":[0,134],"entities":{"hashtags":[{"text":"cravingcolourmonday","indices":[7,27]},{"text":"yellow","indices":[28,35]},{"text":"yourhalifaxhomestager","indices":[82,104]},{"text":"realestate","indices":[105,116]},{"text":"staging","indices":[117,125]},{"text":"Halifax","indices":[126,134]}],"urls":[],"user_mentions":[],"symbols":[],"media":[{"id":1100050266735497217,"id_str":"1100050266735497217","indices":[135,158],"media_url":"http:\/\/pbs.twimg.com\/media\/D0Qp46fX0AEk4P1.jpg","media_url_https":"https:\/\/pbs.twimg.com\/media\/D0Qp46fX0AEk4P1.jpg","url":"https:\/\/t.co\/hr59FWJiRW","display_url":"pic.twitter.com\/hr59FWJiRW","expanded_url":"https:\/\/twitter.com\/prepit\/status\/1100050274603986952\/photo\/1","type":"photo","sizes":{"thumb":{"w":150,"h":150,"resize":"crop"},"large":{"w":756,"h":756,"resize":"fit"},"small":{"w":680,"h":680,"resize":"fit"},"medium":{"w":756,"h":756,"resize":"fit"}}}]},"extended_entities":{"media":[{"id":1100050266735497217,"id_str":"1100050266735497217","indices":[135,158],"media_url":"http:\/\/pbs.twimg.com\/media\/D0Qp46fX0AEk4P1.jpg","media_url_https":"https:\/\/pbs.twimg.com\/media\/D0Qp46fX0AEk4P1.jpg","url":"https:\/\/t.co\/hr59FWJiRW","display_url":"pic.twitter.com\/hr59FWJiRW","expanded_url":"https:\/\/twitter.com\/prepit\/status\/1100050274603986952\/photo\/1","type":"photo","sizes":{"thumb":{"w":150,"h":150,"resize":"crop"},"large":{"w":756,"h":756,"resize":"fit"},"small":{"w":680,"h":680,"resize":"fit"},"medium":{"w":756,"h":756,"resize":"fit"}}}]}},"quote_count":0,"reply_count":0,"retweet_count":2,"favorite_count":4,"entities":{"hashtags":[{"text":"cravingcolourmonday","indices":[7,27]},{"text":"yellow","indices":[28,35]},{"text":"yourhalifaxhomestager","indices":[82,104]}],"urls":[{"url":"https:\/\/t.co\/S0IeseFdJ4","expanded_url":"https:\/\/twitter.com\/i\/web\/status\/1100050274603986952","display_url":"twitter.com\/i\/web\/status\/1\u2026","indices":[106,129]}],"user_mentions":[],"symbols":[]},"favorited":false,"retweeted":false,"possibly_sensitive":false,"filter_level":"low","lang":"en"},"is_quote_status":false,"quote_count":0,"reply_count":0,"retweet_count":0,"favorite_count":0,"entities":{"hashtags":[{"text":"cravingcolourmonday","indices":[19,39]},{"text":"yellow","indices":[40,47]},{"text":"yourhalifaxhomestager","indices":[94,116]},{"text":"realestate","indices":[117,128]},{"text":"staging","indices":[129,137]}],"urls":[],"user_mentions":[{"screen_name":"prepit","name":"Prep Home Staging Halifax","id":221405497,"id_str":"221405497","indices":[3,10]}],"symbols":[]},"favorited":false,"retweeted":false,"filter_level":"low","lang":"en","timestamp_ms":"1551298905191"}


{"created_at":"Wed Feb 27 20:22:11 +0000 2019","id":1100853622349258753,"id_str":"1100853622349258753","text":"RT @NSPerennia: Perennia is very excited as organizer of the Minister\u2019s Nova Scotia Fisheries and Aquaculture Conference that over 300 indu\u2026","source":"\u003ca href=\"http:\/\/twitter.com\" rel=\"nofollow\"\u003eTwitter Web Client\u003c\/a\u003e","truncated":false,"in_reply_to_status_id":null,"in_reply_to_status_id_str":null,"in_reply_to_user_id":null,"in_reply_to_user_id_str":null,"in_reply_to_screen_name":null,"user":{"id":737023588302225412,"id_str":"737023588302225412","name":"Realtime Aquaculture","screen_name":"rtaquaculture","location":"Halifax, Nova Scotia","url":"http:\/\/www.rtaqua.com","description":"We provide an end-to-end solution for farm environmental monitoring, including a cloud platform and innovative sensors that communicate wirelessly underwater.\ud83c\udde8\ud83c\udde6","translator_type":"none","protected":false,"verified":false,"followers_count":1585,"friends_count":1824,"listed_count":48,"favourites_count":298,"statuses_count":378,"created_at":"Sun May 29 20:51:31 +0000 2016","utc_offset":null,"time_zone":null,"geo_enabled":true,"lang":"en","contributors_enabled":false,"is_translator":false,"profile_background_color":"000000","profile_background_image_url":"http:\/\/abs.twimg.com\/images\/themes\/theme1\/bg.png","profile_background_image_url_https":"https:\/\/abs.twimg.com\/images\/themes\/theme1\/bg.png","profile_background_tile":false,"profile_link_color":"0083C1","profile_sidebar_border_color":"000000","profile_sidebar_fill_color":"000000","profile_text_color":"000000","profile_use_background_image":false,"profile_image_url":"http:\/\/pbs.twimg.com\/profile_images\/909835932416831488\/bDDdfWdb_normal.jpg","profile_image_url_https":"https:\/\/pbs.twimg.com\/profile_images\/909835932416831488\/bDDdfWdb_normal.jpg","profile_banner_url":"https:\/\/pbs.twimg.com\/profile_banners\/737023588302225412\/1530793099","default_profile":false,"default_profile_image":false,"following":null,"follow_request_sent":null,"notifications":null},"geo":null,"coordinates":null,"place":null,"contributors":null,"retweeted_status":{"created_at":"Wed Feb 27 16:31:19 +0000 2019","id":1100795525601902592,"id_str":"1100795525601902592","text":"Perennia is very excited as organizer of the Minister\u2019s Nova Scotia Fisheries and Aquaculture Conference that over\u2026 https:\/\/t.co\/JVXMwmA0EC","display_text_range":[0,140],"source":"\u003ca href=\"https:\/\/mobile.twitter.com\" rel=\"nofollow\"\u003eTwitter Web App\u003c\/a\u003e","truncated":true,"in_reply_to_status_id":null,"in_reply_to_status_id_str":null,"in_reply_to_user_id":null,"in_reply_to_user_id_str":null,"in_reply_to_screen_name":null,"user":{"id":556827361,"id_str":"556827361","name":"Perennia","screen_name":"NSPerennia","location":"Nova Scotia","url":"http:\/\/www.perennia.ca","description":"A fully integrated agriculture, food and bio-resource company.","translator_type":"none","protected":false,"verified":false,"followers_count":613,"friends_count":22,"listed_count":14,"favourites_count":11,"statuses_count":1160,"created_at":"Wed Apr 18 12:32:41 +0000 2012","utc_offset":null,"time_zone":null,"geo_enabled":false,"lang":"en","contributors_enabled":false,"is_translator":false,"profile_background_color":"B2DFDA","profile_background_image_url":"http:\/\/abs.twimg.com\/images\/themes\/theme13\/bg.gif","profile_background_image_url_https":"https:\/\/abs.twimg.com\/images\/themes\/theme13\/bg.gif","profile_background_tile":false,"profile_link_color":"93A644","profile_sidebar_border_color":"829D5E","profile_sidebar_fill_color":"99CC33","profile_text_color":"3E4415","profile_use_background_image":true,"profile_image_url":"http:\/\/pbs.twimg.com\/profile_images\/910122536352002049\/-71xn7zg_normal.jpg","profile_image_url_https":"https:\/\/pbs.twimg.com\/profile_images\/910122536352002049\/-71xn7zg_normal.jpg","profile_banner_url":"https:\/\/pbs.twimg.com\/profile_banners\/556827361\/1550689922","default_profile":false,"default_profile_image":false,"following":null,"follow_request_sent":null,"notifications":null},"geo":null,"coordinates":null,"place":null,"contributors":null,"is_quote_status":false,"extended_tweet":{"full_text":"Perennia is very excited as organizer of the Minister\u2019s Nova Scotia Fisheries and Aquaculture Conference that over 300 industry folks are meeting in Halifax to hear great speakers and connect with each other and the Minister. #2019ministersconference https:\/\/t.co\/WoycZYllqg","display_text_range":[0,250],"entities":{"hashtags":[{"text":"2019ministersconference","indices":[226,250]}],"urls":[],"user_mentions":[],"symbols":[],"media":[{"id":1100795516215013378,"id_str":"1100795516215013378","indices":[251,274],"media_url":"http:\/\/pbs.twimg.com\/media\/D0bPsJJWsAIQ-K0.jpg","media_url_https":"https:\/\/pbs.twimg.com\/media\/D0bPsJJWsAIQ-K0.jpg","url":"https:\/\/t.co\/WoycZYllqg","display_url":"pic.twitter.com\/WoycZYllqg","expanded_url":"https:\/\/twitter.com\/NSPerennia\/status\/1100795525601902592\/photo\/1","type":"photo","sizes":{"thumb":{"w":150,"h":150,"resize":"crop"},"medium":{"w":1200,"h":900,"resize":"fit"},"small":{"w":680,"h":510,"resize":"fit"},"large":{"w":2016,"h":1512,"resize":"fit"}}}]},"extended_entities":{"media":[{"id":1100795516215013378,"id_str":"1100795516215013378","indices":[251,274],"media_url":"http:\/\/pbs.twimg.com\/media\/D0bPsJJWsAIQ-K0.jpg","media_url_https":"https:\/\/pbs.twimg.com\/media\/D0bPsJJWsAIQ-K0.jpg","url":"https:\/\/t.co\/WoycZYllqg","display_url":"pic.twitter.com\/WoycZYllqg","expanded_url":"https:\/\/twitter.com\/NSPerennia\/status\/1100795525601902592\/photo\/1","type":"photo","sizes":{"thumb":{"w":150,"h":150,"resize":"crop"},"medium":{"w":1200,"h":900,"resize":"fit"},"small":{"w":680,"h":510,"resize":"fit"},"large":{"w":2016,"h":1512,"resize":"fit"}}}]}},"quote_count":0,"reply_count":0,"retweet_count":4,"favorite_count":3,"entities":{"hashtags":[],"urls":[{"url":"https:\/\/t.co\/JVXMwmA0EC","expanded_url":"https:\/\/twitter.com\/i\/web\/status\/1100795525601902592","display_url":"twitter.com\/i\/web\/status\/1\u2026","indices":[116,139]}],"user_mentions":[],"symbols":[]},"favorited":false,"retweeted":false,"possibly_sensitive":false,"filter_level":"low","lang":"en"},"is_quote_status":false,"quote_count":0,"reply_count":0,"retweet_count":0,"favorite_count":0,"entities":{"hashtags":[],"urls":[],"user_mentions":[{"screen_name":"NSPerennia","name":"Perennia","id":556827361,"id_str":"556827361","indices":[3,14]}],"symbols":[]},"favorited":false,"retweeted":false,"filter_level":"low","lang":"en","timestamp_ms":"1551298931096"}


{"created_at":"Wed Feb 27 20:22:17 +0000 2019","id":1100853649511714816,"id_str":"1100853649511714816","text":"RT @SBTSHalifax: March Break is just around the corner and we're so excited to team up with our South End neighbours @smuhalifax to present\u2026","source":"\u003ca href=\"http:\/\/twitter.com\/download\/iphone\" rel=\"nofollow\"\u003eTwitter for iPhone\u003c\/a\u003e","truncated":false,"in_reply_to_status_id":null,"in_reply_to_status_id_str":null,"in_reply_to_user_id":null,"in_reply_to_user_id_str":null,"in_reply_to_screen_name":null,"user":{"id":151169948,"id_str":"151169948","name":"SMU Halifax","screen_name":"smuhalifax","location":"Halifax, Nova Scotia, Canada","url":"http:\/\/smu.ca","description":"Saint Mary's University | Established in 1802 | See the world in one city block. #dowhatyoudo","translator_type":"none","protected":false,"verified":false,"followers_count":9857,"friends_count":469,"listed_count":167,"favourites_count":8592,"statuses_count":8097,"created_at":"Wed Jun 02 19:43:25 +0000 2010","utc_offset":null,"time_zone":null,"geo_enabled":true,"lang":"en","contributors_enabled":false,"is_translator":false,"profile_background_color":"6F0202","profile_background_image_url":"http:\/\/abs.twimg.com\/images\/themes\/theme14\/bg.gif","profile_background_image_url_https":"https:\/\/abs.twimg.com\/images\/themes\/theme14\/bg.gif","profile_background_tile":false,"profile_link_color":"6E0408","profile_sidebar_border_color":"EEEEEE","profile_sidebar_fill_color":"EFEFEF","profile_text_color":"333333","profile_use_background_image":true,"profile_image_url":"http:\/\/pbs.twimg.com\/profile_images\/1023916996654718976\/wvjrEVNg_normal.jpg","profile_image_url_https":"https:\/\/pbs.twimg.com\/profile_images\/1023916996654718976\/wvjrEVNg_normal.jpg","profile_banner_url":"https:\/\/pbs.twimg.com\/profile_banners\/151169948\/1544458005","default_profile":false,"default_profile_image":false,"following":null,"follow_request_sent":null,"notifications":null},"geo":null,"coordinates":null,"place":null,"contributors":null,"retweeted_status":{"created_at":"Wed Feb 27 19:56:24 +0000 2019","id":1100847137062031361,"id_str":"1100847137062031361","text":"March Break is just around the corner and we're so excited to team up with our South End neighbours @smuhalifax to\u2026 https:\/\/t.co\/D96Fq0QS56","display_text_range":[0,140],"source":"\u003ca href=\"https:\/\/www.hootsuite.com\" rel=\"nofollow\"\u003eHootsuite Inc.\u003c\/a\u003e","truncated":true,"in_reply_to_status_id":null,"in_reply_to_status_id_str":null,"in_reply_to_user_id":null,"in_reply_to_user_id_str":null,"in_reply_to_screen_name":null,"user":{"id":135214329,"id_str":"135214329","name":"ShakespeareByTheSea","screen_name":"SBTSHalifax","location":"Halifax, Nova Scotia","url":"http:\/\/www.shakespearebythesea.ca","description":"Shakespeare & Shenanigans since 1994. Co-A.D.s @JesseMacLean (JM) & Elizabeth Murphy @elizabethmarymu (EM). 25 years of pro theatre in #Halifax","translator_type":"none","protected":false,"verified":false,"followers_count":4728,"friends_count":1789,"listed_count":0,"favourites_count":1542,"statuses_count":5591,"created_at":"Tue Apr 20 17:16:40 +0000 2010","utc_offset":null,"time_zone":null,"geo_enabled":true,"lang":"en","contributors_enabled":false,"is_translator":false,"profile_background_color":"C0DEED","profile_background_image_url":"http:\/\/abs.twimg.com\/images\/themes\/theme1\/bg.png","profile_background_image_url_https":"https:\/\/abs.twimg.com\/images\/themes\/theme1\/bg.png","profile_background_tile":true,"profile_link_color":"0084B4","profile_sidebar_border_color":"C0DEED","profile_sidebar_fill_color":"DDEEF6","profile_text_color":"333333","profile_use_background_image":true,"profile_image_url":"http:\/\/pbs.twimg.com\/profile_images\/1080865846820429824\/7bqPUE-z_normal.jpg","profile_image_url_https":"https:\/\/pbs.twimg.com\/profile_images\/1080865846820429824\/7bqPUE-z_normal.jpg","profile_banner_url":"https:\/\/pbs.twimg.com\/profile_banners\/135214329\/1536172355","default_profile":false,"default_profile_image":false,"following":null,"follow_request_sent":null,"notifications":null},"geo":null,"coordinates":null,"place":null,"contributors":null,"is_quote_status":false,"extended_tweet":{"full_text":"March Break is just around the corner and we're so excited to team up with our South End neighbours @smuhalifax to present our March Break Shakespeare Camp: https:\/\/t.co\/POC5NiT1Cb #halifax #halifaxkids #marchbreak https:\/\/t.co\/HDYQOpAfuF","display_text_range":[0,214],"entities":{"hashtags":[{"text":"halifax","indices":[181,189]},{"text":"halifaxkids","indices":[190,202]},{"text":"marchbreak","indices":[203,214]}],"urls":[{"url":"https:\/\/t.co\/POC5NiT1Cb","expanded_url":"https:\/\/smustudio.squarespace.com\/shakespeare-by-the-sea-march-break-camp?p","display_url":"smustudio.squarespace.com\/shakespeare-by\u2026","indices":[157,180]}],"user_mentions":[{"screen_name":"smuhalifax","name":"SMU Halifax","id":151169948,"id_str":"151169948","indices":[100,111]}],"symbols":[],"media":[{"id":1100847133882609664,"id_str":"1100847133882609664","indices":[215,238],"media_url":"http:\/\/pbs.twimg.com\/media\/D0b-or8UcAACbIV.jpg","media_url_https":"https:\/\/pbs.twimg.com\/media\/D0b-or8UcAACbIV.jpg","url":"https:\/\/t.co\/HDYQOpAfuF","display_url":"pic.twitter.com\/HDYQOpAfuF","expanded_url":"https:\/\/twitter.com\/SBTSHalifax\/status\/1100847137062031361\/photo\/1","type":"photo","sizes":{"thumb":{"w":150,"h":150,"resize":"crop"},"medium":{"w":1200,"h":900,"resize":"fit"},"small":{"w":680,"h":510,"resize":"fit"},"large":{"w":2048,"h":1536,"resize":"fit"}}}]},"extended_entities":{"media":[{"id":1100847133882609664,"id_str":"1100847133882609664","indices":[215,238],"media_url":"http:\/\/pbs.twimg.com\/media\/D0b-or8UcAACbIV.jpg","media_url_https":"https:\/\/pbs.twimg.com\/media\/D0b-or8UcAACbIV.jpg","url":"https:\/\/t.co\/HDYQOpAfuF","display_url":"pic.twitter.com\/HDYQOpAfuF","expanded_url":"https:\/\/twitter.com\/SBTSHalifax\/status\/1100847137062031361\/photo\/1","type":"photo","sizes":{"thumb":{"w":150,"h":150,"resize":"crop"},"medium":{"w":1200,"h":900,"resize":"fit"},"small":{"w":680,"h":510,"resize":"fit"},"large":{"w":2048,"h":1536,"resize":"fit"}}}]}},"quote_count":0,"reply_count":0,"retweet_count":3,"favorite_count":2,"entities":{"hashtags":[],"urls":[{"url":"https:\/\/t.co\/D96Fq0QS56","expanded_url":"https:\/\/twitter.com\/i\/web\/status\/1100847137062031361","display_url":"twitter.com\/i\/web\/status\/1\u2026","indices":[116,139]}],"user_mentions":[{"screen_name":"smuhalifax","name":"SMU Halifax","id":151169948,"id_str":"151169948","indices":[100,111]}],"symbols":[]},"favorited":false,"retweeted":false,"possibly_sensitive":false,"filter_level":"low","lang":"en"},"is_quote_status":false,"quote_count":0,"reply_count":0,"retweet_count":0,"favorite_count":0,"entities":{"hashtags":[],"urls":[],"user_mentions":[{"screen_name":"SBTSHalifax","name":"ShakespeareByTheSea","id":135214329,"id_str":"135214329","indices":[3,15]},{"screen_name":"smuhalifax","name":"SMU Halifax","id":151169948,"id_str":"151169948","indices":[117,128]}],"symbols":[]},"favorited":false,"retweeted":false,"filter_level":"low","lang":"en","timestamp_ms":"1551298937572"}


{"created_at":"Wed Feb 27 20:22:22 +0000 2019","id":1100853668356734976,"id_str":"1100853668356734976","text":"RT @JustineDol: Are you a first-time mom?\n\nHave you given birth in the past 2 months at the IWK Health Centre in Halifax?\n\nIf so, contact m\u2026","source":"\u003ca href=\"http:\/\/twitter.com\/download\/iphone\" rel=\"nofollow\"\u003eTwitter for iPhone\u003c\/a\u003e","truncated":false,"in_reply_to_status_id":null,"in_reply_to_status_id_str":null,"in_reply_to_user_id":null,"in_reply_to_user_id_str":null,"in_reply_to_screen_name":null,"user":{"id":3213823737,"id_str":"3213823737","name":"AlannahDelahuntyPike","screen_name":"delapike","location":"Halifax, Nova Scotia","url":null,"description":"Mom interested in health research, maternal and child health, education, human rights, global development","translator_type":"none","protected":false,"verified":false,"followers_count":48,"friends_count":103,"listed_count":0,"favourites_count":80,"statuses_count":145,"created_at":"Mon Apr 27 15:41:51 +0000 2015","utc_offset":null,"time_zone":null,"geo_enabled":false,"lang":"en","contributors_enabled":false,"is_translator":false,"profile_background_color":"C0DEED","profile_background_image_url":"http:\/\/abs.twimg.com\/images\/themes\/theme1\/bg.png","profile_background_image_url_https":"https:\/\/abs.twimg.com\/images\/themes\/theme1\/bg.png","profile_background_tile":false,"profile_link_color":"1DA1F2","profile_sidebar_border_color":"C0DEED","profile_sidebar_fill_color":"DDEEF6","profile_text_color":"333333","profile_use_background_image":true,"profile_image_url":"http:\/\/pbs.twimg.com\/profile_images\/592716033145864195\/_8UZ2LBC_normal.jpg","profile_image_url_https":"https:\/\/pbs.twimg.com\/profile_images\/592716033145864195\/_8UZ2LBC_normal.jpg","default_profile":true,"default_profile_image":false,"following":null,"follow_request_sent":null,"notifications":null},"geo":null,"coordinates":null,"place":null,"contributors":null,"retweeted_status":{"created_at":"Sun Feb 24 23:51:45 +0000 2019","id":1099819198778351616,"id_str":"1099819198778351616","text":"Are you a first-time mom?\n\nHave you given birth in the past 2 months at the IWK Health Centre in Halifax?\n\nIf so, c\u2026 https:\/\/t.co\/LUhcNnM4Ca","display_text_range":[0,140],"source":"\u003ca href=\"http:\/\/twitter.com\" rel=\"nofollow\"\u003eTwitter Web Client\u003c\/a\u003e","truncated":true,"in_reply_to_status_id":null,"in_reply_to_status_id_str":null,"in_reply_to_user_id":null,"in_reply_to_user_id_str":null,"in_reply_to_screen_name":null,"user":{"id":89090605,"id_str":"89090605","name":"Justine Dol","screen_name":"JustineDol","location":null,"url":null,"description":"PhD in Health Candidate @DalhousieU. Interested in women's empowerment, maternal and newborn global health, mHealth, postnatal education & capacity development.","translator_type":"none","protected":false,"verified":false,"followers_count":620,"friends_count":638,"listed_count":25,"favourites_count":1081,"statuses_count":2201,"created_at":"Wed Nov 11 02:54:55 +0000 2009","utc_offset":null,"time_zone":null,"geo_enabled":false,"lang":"en","contributors_enabled":false,"is_translator":false,"profile_background_color":"000000","profile_background_image_url":"http:\/\/abs.twimg.com\/images\/themes\/theme17\/bg.gif","profile_background_image_url_https":"https:\/\/abs.twimg.com\/images\/themes\/theme17\/bg.gif","profile_background_tile":false,"profile_link_color":"ABB8C2","profile_sidebar_border_color":"000000","profile_sidebar_fill_color":"000000","profile_text_color":"000000","profile_use_background_image":false,"profile_image_url":"http:\/\/pbs.twimg.com\/profile_images\/1014671822024069120\/hrXTxBus_normal.jpg","profile_image_url_https":"https:\/\/pbs.twimg.com\/profile_images\/1014671822024069120\/hrXTxBus_normal.jpg","profile_banner_url":"https:\/\/pbs.twimg.com\/profile_banners\/89090605\/1467964231","default_profile":false,"default_profile_image":false,"following":null,"follow_request_sent":null,"notifications":null},"geo":null,"coordinates":null,"place":null,"contributors":null,"is_quote_status":false,"extended_tweet":{"full_text":"Are you a first-time mom?\n\nHave you given birth in the past 2 months at the IWK Health Centre in Halifax?\n\nIf so, contact me! I am looking to interview you to get your input on a text message based postnatal education intervention that we are developing. Details in poster. https:\/\/t.co\/kITtLBafvo","display_text_range":[0,273],"entities":{"hashtags":[],"urls":[],"user_mentions":[],"symbols":[],"media":[{"id":1099819163621736449,"id_str":"1099819163621736449","indices":[274,297],"media_url":"http:\/\/pbs.twimg.com\/media\/D0NXs8TXQAExN83.jpg","media_url_https":"https:\/\/pbs.twimg.com\/media\/D0NXs8TXQAExN83.jpg","url":"https:\/\/t.co\/kITtLBafvo","display_url":"pic.twitter.com\/kITtLBafvo","expanded_url":"https:\/\/twitter.com\/JustineDol\/status\/1099819198778351616\/photo\/1","type":"photo","sizes":{"thumb":{"w":150,"h":150,"resize":"crop"},"large":{"w":1275,"h":1650,"resize":"fit"},"small":{"w":525,"h":680,"resize":"fit"},"medium":{"w":927,"h":1200,"resize":"fit"}}}]},"extended_entities":{"media":[{"id":1099819163621736449,"id_str":"1099819163621736449","indices":[274,297],"media_url":"http:\/\/pbs.twimg.com\/media\/D0NXs8TXQAExN83.jpg","media_url_https":"https:\/\/pbs.twimg.com\/media\/D0NXs8TXQAExN83.jpg","url":"https:\/\/t.co\/kITtLBafvo","display_url":"pic.twitter.com\/kITtLBafvo","expanded_url":"https:\/\/twitter.com\/JustineDol\/status\/1099819198778351616\/photo\/1","type":"photo","sizes":{"thumb":{"w":150,"h":150,"resize":"crop"},"large":{"w":1275,"h":1650,"resize":"fit"},"small":{"w":525,"h":680,"resize":"fit"},"medium":{"w":927,"h":1200,"resize":"fit"}}}]}},"quote_count":0,"reply_count":0,"retweet_count":3,"favorite_count":2,"entities":{"hashtags":[],"urls":[{"url":"https:\/\/t.co\/LUhcNnM4Ca","expanded_url":"https:\/\/twitter.com\/i\/web\/status\/1099819198778351616","display_url":"twitter.com\/i\/web\/status\/1\u2026","indices":[117,140]}],"user_mentions":[],"symbols":[]},"favorited":false,"retweeted":false,"possibly_sensitive":false,"filter_level":"low","lang":"en"},"is_quote_status":false,"quote_count":0,"reply_count":0,"retweet_count":0,"favorite_count":0,"entities":{"hashtags":[],"urls":[],"user_mentions":[{"screen_name":"JustineDol","name":"Justine Dol","id":89090605,"id_str":"89090605","indices":[3,14]}],"symbols":[]},"favorited":false,"retweeted":false,"filter_level":"low","lang":"en","timestamp_ms":"1551298942065"}


{"created_at":"Wed Feb 27 20:22:30 +0000 2019","id":1100853703857397762,"id_str":"1100853703857397762","text":"The job of the mayor in Canadian cities, from @KateMarieGraham  https:\/\/t.co\/P7qNi9RCCG Our Mayor does more than wh\u2026 https:\/\/t.co\/wOGmkpiN1V","display_text_range":[0,140],"source":"\u003ca href=\"http:\/\/twitter.com\" rel=\"nofollow\"\u003eTwitter Web Client\u003c\/a\u003e","truncated":true,"in_reply_to_status_id":null,"in_reply_to_status_id_str":null,"in_reply_to_user_id":null,"in_reply_to_user_id_str":null,"in_reply_to_screen_name":null,"user":{"id":142071919,"id_str":"142071919","name":"Tristan Cleveland","screen_name":"LUrbaniste","location":"Halifax, NS","url":"http:\/\/www.metronews.ca\/authors.tristan_cleveland.html","description":"Urban planner at Happy City. Dalhousie PhD Candidate. Working on why we don't build communities that support the basic needs of human health, and how to fix it.","translator_type":"none","protected":false,"verified":false,"followers_count":1746,"friends_count":843,"listed_count":35,"favourites_count":3591,"statuses_count":4784,"created_at":"Sun May 09 21:46:54 +0000 2010","utc_offset":null,"time_zone":null,"geo_enabled":true,"lang":"en","contributors_enabled":false,"is_translator":false,"profile_background_color":"C0DEED","profile_background_image_url":"http:\/\/abs.twimg.com\/images\/themes\/theme1\/bg.png","profile_background_image_url_https":"https:\/\/abs.twimg.com\/images\/themes\/theme1\/bg.png","profile_background_tile":false,"profile_link_color":"1DA1F2","profile_sidebar_border_color":"C0DEED","profile_sidebar_fill_color":"DDEEF6","profile_text_color":"333333","profile_use_background_image":true,"profile_image_url":"http:\/\/pbs.twimg.com\/profile_images\/1089177826761297920\/qIlOAhB9_normal.jpg","profile_image_url_https":"https:\/\/pbs.twimg.com\/profile_images\/1089177826761297920\/qIlOAhB9_normal.jpg","profile_banner_url":"https:\/\/pbs.twimg.com\/profile_banners\/142071919\/1392163607","default_profile":true,"default_profile_image":false,"following":null,"follow_request_sent":null,"notifications":null},"geo":null,"coordinates":null,"place":null,"contributors":null,"is_quote_status":false,"extended_tweet":{"full_text":"The job of the mayor in Canadian cities, from @KateMarieGraham  https:\/\/t.co\/P7qNi9RCCG Our Mayor does more than what the Halifax charter gives him credit for. @MikeSavageHFX https:\/\/t.co\/0Dp6DpCNxS","display_text_range":[0,174],"entities":{"hashtags":[],"urls":[{"url":"https:\/\/t.co\/P7qNi9RCCG","expanded_url":"https:\/\/cpsa-acsp.ca\/documents\/conference\/2017\/Graham-Kate.pdf","display_url":"cpsa-acsp.ca\/documents\/conf\u2026","indices":[64,87]}],"user_mentions":[{"screen_name":"KateMarieGraham","name":"Kate Graham","id":27767093,"id_str":"27767093","indices":[46,62]},{"screen_name":"MikeSavageHFX","name":"Office of the Mayor","id":88944711,"id_str":"88944711","indices":[160,174]}],"symbols":[],"media":[{"id":1100853167225372673,"id_str":"1100853167225372673","indices":[175,198],"media_url":"http:\/\/pbs.twimg.com\/media\/D0cEH35VAAE01bp.jpg","media_url_https":"https:\/\/pbs.twimg.com\/media\/D0cEH35VAAE01bp.jpg","url":"https:\/\/t.co\/0Dp6DpCNxS","display_url":"pic.twitter.com\/0Dp6DpCNxS","expanded_url":"https:\/\/twitter.com\/LUrbaniste\/status\/1100853703857397762\/photo\/1","type":"photo","sizes":{"thumb":{"w":150,"h":150,"resize":"crop"},"medium":{"w":972,"h":1200,"resize":"fit"},"large":{"w":1084,"h":1338,"resize":"fit"},"small":{"w":551,"h":680,"resize":"fit"}}}]},"extended_entities":{"media":[{"id":1100853167225372673,"id_str":"1100853167225372673","indices":[175,198],"media_url":"http:\/\/pbs.twimg.com\/media\/D0cEH35VAAE01bp.jpg","media_url_https":"https:\/\/pbs.twimg.com\/media\/D0cEH35VAAE01bp.jpg","url":"https:\/\/t.co\/0Dp6DpCNxS","display_url":"pic.twitter.com\/0Dp6DpCNxS","expanded_url":"https:\/\/twitter.com\/LUrbaniste\/status\/1100853703857397762\/photo\/1","type":"photo","sizes":{"thumb":{"w":150,"h":150,"resize":"crop"},"medium":{"w":972,"h":1200,"resize":"fit"},"large":{"w":1084,"h":1338,"resize":"fit"},"small":{"w":551,"h":680,"resize":"fit"}}}]}},"quote_count":0,"reply_count":0,"retweet_count":0,"favorite_count":0,"entities":{"hashtags":[],"urls":[{"url":"https:\/\/t.co\/P7qNi9RCCG","expanded_url":"https:\/\/cpsa-acsp.ca\/documents\/conference\/2017\/Graham-Kate.pdf","display_url":"cpsa-acsp.ca\/documents\/conf\u2026","indices":[64,87]},{"url":"https:\/\/t.co\/wOGmkpiN1V","expanded_url":"https:\/\/twitter.com\/i\/web\/status\/1100853703857397762","display_url":"twitter.com\/i\/web\/status\/1\u2026","indices":[117,140]}],"user_mentions":[{"screen_name":"KateMarieGraham","name":"Kate Graham","id":27767093,"id_str":"27767093","indices":[46,62]}],"symbols":[]},"favorited":false,"retweeted":false,"possibly_sensitive":false,"filter_level":"low","lang":"en","timestamp_ms":"1551298950529"}


{"created_at":"Wed Feb 27 20:22:39 +0000 2019","id":1100853739924135936,"id_str":"1100853739924135936","text":"Halifax\nThis","source":"\u003ca href=\"http:\/\/twitter.com\" rel=\"nofollow\"\u003eTwitter Web Client\u003c\/a\u003e","truncated":false,"in_reply_to_status_id":null,"in_reply_to_status_id_str":null,"in_reply_to_user_id":null,"in_reply_to_user_id_str":null,"in_reply_to_screen_name":null,"user":{"id":296112287,"id_str":"296112287","name":"deep shah","screen_name":"deepshah4","location":"Hyderabad, India","url":null,"description":"fond reader of fiction literature..!\nbarca fan..\nbrutally honest..!!\ninfocions","translator_type":"none","protected":false,"verified":false,"followers_count":32,"friends_count":141,"listed_count":0,"favourites_count":268,"statuses_count":238,"created_at":"Tue May 10 06:48:36 +0000 2011","utc_offset":null,"time_zone":null,"geo_enabled":true,"lang":"en","contributors_enabled":false,"is_translator":false,"profile_background_color":"C0DEED","profile_background_image_url":"http:\/\/abs.twimg.com\/images\/themes\/theme1\/bg.png","profile_background_image_url_https":"https:\/\/abs.twimg.com\/images\/themes\/theme1\/bg.png","profile_background_tile":false,"profile_link_color":"1DA1F2","profile_sidebar_border_color":"C0DEED","profile_sidebar_fill_color":"DDEEF6","profile_text_color":"333333","profile_use_background_image":true,"profile_image_url":"http:\/\/pbs.twimg.com\/profile_images\/452710675882573824\/Xdpad5lR_normal.jpeg","profile_image_url_https":"https:\/\/pbs.twimg.com\/profile_images\/452710675882573824\/Xdpad5lR_normal.jpeg","default_profile":true,"default_profile_image":false,"following":null,"follow_request_sent":null,"notifications":null},"geo":null,"coordinates":null,"place":null,"contributors":null,"is_quote_status":false,"quote_count":0,"reply_count":0,"retweet_count":0,"favorite_count":0,"entities":{"hashtags":[],"urls":[],"user_mentions":[],"symbols":[]},"favorited":false,"retweeted":false,"filter_level":"low","lang":"en","timestamp_ms":"1551298959128"}


{"created_at":"Wed Feb 27 20:23:22 +0000 2019","id":1100853920031752193,"id_str":"1100853920031752193","text":"RT @DaleyProgress: Free Lunch &amp; Learn #Halifax May 2nd featuring Meryl Cook *Journalling to Reignite Your Business Creativity* Register her\u2026","source":"\u003ca href=\"http:\/\/twitter.com\" rel=\"nofollow\"\u003eTwitter Web Client\u003c\/a\u003e","truncated":false,"in_reply_to_status_id":null,"in_reply_to_status_id_str":null,"in_reply_to_user_id":null,"in_reply_to_user_id_str":null,"in_reply_to_screen_name":null,"user":{"id":86585733,"id_str":"86585733","name":"Larry Matthews","screen_name":"realestateHants","location":"Elmsdale Nova Scotia Canada","url":"http:\/\/www.hantsrealty.com","description":"President\/Broker Hants Realty Limited,Hants Financial Services,Larry Matthews Appraisals and Kimnat Internet and Print #novascotia #novascotiarealestate","translator_type":"regular","protected":false,"verified":false,"followers_count":9156,"friends_count":9754,"listed_count":354,"favourites_count":26268,"statuses_count":156840,"created_at":"Sat Oct 31 19:16:19 +0000 2009","utc_offset":null,"time_zone":null,"geo_enabled":true,"lang":"en","contributors_enabled":false,"is_translator":false,"profile_background_color":"C0DEED","profile_background_image_url":"http:\/\/abs.twimg.com\/images\/themes\/theme1\/bg.png","profile_background_image_url_https":"https:\/\/abs.twimg.com\/images\/themes\/theme1\/bg.png","profile_background_tile":false,"profile_link_color":"F20808","profile_sidebar_border_color":"C0DEED","profile_sidebar_fill_color":"DDEEF6","profile_text_color":"333333","profile_use_background_image":true,"profile_image_url":"http:\/\/pbs.twimg.com\/profile_images\/1095000365701914624\/aTeh-zbD_normal.jpg","profile_image_url_https":"https:\/\/pbs.twimg.com\/profile_images\/1095000365701914624\/aTeh-zbD_normal.jpg","profile_banner_url":"https:\/\/pbs.twimg.com\/profile_banners\/86585733\/1537837153","default_profile":false,"default_profile_image":false,"following":null,"follow_request_sent":null,"notifications":null},"geo":null,"coordinates":null,"place":null,"contributors":null,"retweeted_status":{"created_at":"Mon Feb 25 23:36:11 +0000 2019","id":1100177668518174721,"id_str":"1100177668518174721","text":"Free Lunch &amp; Learn #Halifax May 2nd featuring Meryl Cook *Journalling to Reignite Your Business Creativity* Registe\u2026 https:\/\/t.co\/bVUCERU5Ru","display_text_range":[0,140],"source":"\u003ca href=\"https:\/\/www.socialjukebox.com\" rel=\"nofollow\"\u003eThe Social Jukebox\u003c\/a\u003e","truncated":true,"in_reply_to_status_id":null,"in_reply_to_status_id_str":null,"in_reply_to_user_id":null,"in_reply_to_user_id_str":null,"in_reply_to_screen_name":null,"user":{"id":149576315,"id_str":"149576315","name":"Linda Daley","screen_name":"DaleyProgress","location":"Halifax, Nova Scotia, Canada","url":"http:\/\/daleyprogress.com","description":"Small business #marketing consulting, projects, teaching. #Halifax #smallbiz Presenting Sponsor and VP of @SocialMediaHFX #SMDH18","translator_type":"none","protected":false,"verified":false,"followers_count":4610,"friends_count":3911,"listed_count":400,"favourites_count":6711,"statuses_count":25445,"created_at":"Sat May 29 16:58:49 +0000 2010","utc_offset":null,"time_zone":null,"geo_enabled":true,"lang":"en","contributors_enabled":false,"is_translator":false,"profile_background_color":"FFFFFF","profile_background_image_url":"http:\/\/abs.twimg.com\/images\/themes\/theme11\/bg.gif","profile_background_image_url_https":"https:\/\/abs.twimg.com\/images\/themes\/theme11\/bg.gif","profile_background_tile":false,"profile_link_color":"FF661D","profile_sidebar_border_color":"FFFFFF","profile_sidebar_fill_color":"FFFFFF","profile_text_color":"E91A4E","profile_use_background_image":false,"profile_image_url":"http:\/\/pbs.twimg.com\/profile_images\/1077920118682705921\/esmK0YpB_normal.jpg","profile_image_url_https":"https:\/\/pbs.twimg.com\/profile_images\/1077920118682705921\/esmK0YpB_normal.jpg","profile_banner_url":"https:\/\/pbs.twimg.com\/profile_banners\/149576315\/1546891312","default_profile":false,"default_profile_image":false,"following":null,"follow_request_sent":null,"notifications":null},"geo":null,"coordinates":null,"place":null,"contributors":null,"is_quote_status":false,"extended_tweet":{"full_text":"Free Lunch &amp; Learn #Halifax May 2nd featuring Meryl Cook *Journalling to Reignite Your Business Creativity* Register here: https:\/\/t.co\/LPqSJkvAxd https:\/\/t.co\/eRnJZIFrwT","display_text_range":[0,150],"entities":{"hashtags":[{"text":"Halifax","indices":[23,31]}],"urls":[{"url":"https:\/\/t.co\/LPqSJkvAxd","expanded_url":"https:\/\/journalling-for-business-creativity.eventbrite.ca","display_url":"\u2026for-business-creativity.eventbrite.ca","indices":[127,150]}],"user_mentions":[],"symbols":[],"media":[{"id":1100177665909317635,"id_str":"1100177665909317635","indices":[151,174],"media_url":"http:\/\/pbs.twimg.com\/media\/D0SdwhZX4AMVdzz.png","media_url_https":"https:\/\/pbs.twimg.com\/media\/D0SdwhZX4AMVdzz.png","url":"https:\/\/t.co\/eRnJZIFrwT","display_url":"pic.twitter.com\/eRnJZIFrwT","expanded_url":"https:\/\/twitter.com\/DaleyProgress\/status\/1100177668518174721\/photo\/1","type":"photo","sizes":{"medium":{"w":1200,"h":628,"resize":"fit"},"small":{"w":680,"h":356,"resize":"fit"},"thumb":{"w":150,"h":150,"resize":"crop"},"large":{"w":1200,"h":628,"resize":"fit"}}}]},"extended_entities":{"media":[{"id":1100177665909317635,"id_str":"1100177665909317635","indices":[151,174],"media_url":"http:\/\/pbs.twimg.com\/media\/D0SdwhZX4AMVdzz.png","media_url_https":"https:\/\/pbs.twimg.com\/media\/D0SdwhZX4AMVdzz.png","url":"https:\/\/t.co\/eRnJZIFrwT","display_url":"pic.twitter.com\/eRnJZIFrwT","expanded_url":"https:\/\/twitter.com\/DaleyProgress\/status\/1100177668518174721\/photo\/1","type":"photo","sizes":{"medium":{"w":1200,"h":628,"resize":"fit"},"small":{"w":680,"h":356,"resize":"fit"},"thumb":{"w":150,"h":150,"resize":"crop"},"large":{"w":1200,"h":628,"resize":"fit"}}}]}},"quote_count":1,"reply_count":1,"retweet_count":4,"favorite_count":2,"entities":{"hashtags":[{"text":"Halifax","indices":[23,31]}],"urls":[{"url":"https:\/\/t.co\/bVUCERU5Ru","expanded_url":"https:\/\/twitter.com\/i\/web\/status\/1100177668518174721","display_url":"twitter.com\/i\/web\/status\/1\u2026","indices":[121,144]}],"user_mentions":[],"symbols":[]},"favorited":false,"retweeted":false,"possibly_sensitive":false,"filter_level":"low","lang":"en"},"is_quote_status":false,"quote_count":0,"reply_count":0,"retweet_count":0,"favorite_count":0,"entities":{"hashtags":[{"text":"Halifax","indices":[42,50]}],"urls":[],"user_mentions":[{"screen_name":"DaleyProgress","name":"Linda Daley","id":149576315,"id_str":"149576315","indices":[3,17]}],"symbols":[]},"favorited":false,"retweeted":false,"filter_level":"low","lang":"en","timestamp_ms":"1551299002069"}


{"created_at":"Wed Feb 27 20:23:50 +0000 2019","id":1100854037598093315,"id_str":"1100854037598093315","text":"I always LOL at the suggested route to walk home to Cape Breton from Halifax","source":"\u003ca href=\"http:\/\/twitter.com\" rel=\"nofollow\"\u003eTwitter Web Client\u003c\/a\u003e","truncated":false,"in_reply_to_status_id":null,"in_reply_to_status_id_str":null,"in_reply_to_user_id":null,"in_reply_to_user_id_str":null,"in_reply_to_screen_name":null,"user":{"id":296112287,"id_str":"296112287","name":"deep shah","screen_name":"deepshah4","location":"Hyderabad, India","url":null,"description":"fond reader of fiction literature..!\nbarca fan..\nbrutally honest..!!\ninfocions","translator_type":"none","protected":false,"verified":false,"followers_count":32,"friends_count":141,"listed_count":0,"favourites_count":268,"statuses_count":239,"created_at":"Tue May 10 06:48:36 +0000 2011","utc_offset":null,"time_zone":null,"geo_enabled":true,"lang":"en","contributors_enabled":false,"is_translator":false,"profile_background_color":"C0DEED","profile_background_image_url":"http:\/\/abs.twimg.com\/images\/themes\/theme1\/bg.png","profile_background_image_url_https":"https:\/\/abs.twimg.com\/images\/themes\/theme1\/bg.png","profile_background_tile":false,"profile_link_color":"1DA1F2","profile_sidebar_border_color":"C0DEED","profile_sidebar_fill_color":"DDEEF6","profile_text_color":"333333","profile_use_background_image":true,"profile_image_url":"http:\/\/pbs.twimg.com\/profile_images\/452710675882573824\/Xdpad5lR_normal.jpeg","profile_image_url_https":"https:\/\/pbs.twimg.com\/profile_images\/452710675882573824\/Xdpad5lR_normal.jpeg","default_profile":true,"default_profile_image":false,"following":null,"follow_request_sent":null,"notifications":null},"geo":null,"coordinates":null,"place":null,"contributors":null,"is_quote_status":false,"quote_count":0,"reply_count":0,"retweet_count":0,"favorite_count":0,"entities":{"hashtags":[],"urls":[],"user_mentions":[],"symbols":[]},"favorited":false,"retweeted":false,"filter_level":"low","lang":"en","timestamp_ms":"1551299030099"}


{"created_at":"Wed Feb 27 20:24:20 +0000 2019","id":1100854165344002048,"id_str":"1100854165344002048","text":"Halifax\nthis is","source":"\u003ca href=\"http:\/\/twitter.com\" rel=\"nofollow\"\u003eTwitter Web Client\u003c\/a\u003e","truncated":false,"in_reply_to_status_id":null,"in_reply_to_status_id_str":null,"in_reply_to_user_id":null,"in_reply_to_user_id_str":null,"in_reply_to_screen_name":null,"user":{"id":296112287,"id_str":"296112287","name":"deep shah","screen_name":"deepshah4","location":"Hyderabad, India","url":null,"description":"fond reader of fiction literature..!\nbarca fan..\nbrutally honest..!!\ninfocions","translator_type":"none","protected":false,"verified":false,"followers_count":32,"friends_count":141,"listed_count":0,"favourites_count":268,"statuses_count":240,"created_at":"Tue May 10 06:48:36 +0000 2011","utc_offset":null,"time_zone":null,"geo_enabled":true,"lang":"en","contributors_enabled":false,"is_translator":false,"profile_background_color":"C0DEED","profile_background_image_url":"http:\/\/abs.twimg.com\/images\/themes\/theme1\/bg.png","profile_background_image_url_https":"https:\/\/abs.twimg.com\/images\/themes\/theme1\/bg.png","profile_background_tile":false,"profile_link_color":"1DA1F2","profile_sidebar_border_color":"C0DEED","profile_sidebar_fill_color":"DDEEF6","profile_text_color":"333333","profile_use_background_image":true,"profile_image_url":"http:\/\/pbs.twimg.com\/profile_images\/452710675882573824\/Xdpad5lR_normal.jpeg","profile_image_url_https":"https:\/\/pbs.twimg.com\/profile_images\/452710675882573824\/Xdpad5lR_normal.jpeg","default_profile":true,"default_profile_image":false,"following":null,"follow_request_sent":null,"notifications":null},"geo":null,"coordinates":null,"place":null,"contributors":null,"is_quote_status":false,"quote_count":0,"reply_count":0,"retweet_count":0,"favorite_count":0,"entities":{"hashtags":[],"urls":[],"user_mentions":[],"symbols":[]},"favorited":false,"retweeted":false,"filter_level":"low","lang":"en","timestamp_ms":"1551299060556"}


